Tool Name,API Keys Tracker,Account Email,Account Open Date,Account Password,Account Phone Number,Action,App Unique ID,App User ID,Category,Cost,Documentation URL,Domains Database,Integration Points,Org ID,Renewal Date,Status,URL,Vendor,Website
QuantumHR LLP,,,,,,,,,Business,,,,,,,Active,,,
SquareUp,,,,,,,,,Banking-Payments,,,,,,,Active,,,
QHR Gmail Account,,,,,,,,,Email,,,,,,,Active,,,
Zoho,,,,,,,,,Business Suites,,,,,,,Active,,,https://accounts.zoho.com/home#profile/personal
QHR Zoho One Account,,,,,,,,859166931,Business Suites,,,,,859429981,,Active,,,
Gmail,,,,,,,,,Email,,,,,,,Active,,,
QHR Instagram,,,"August 8, 2024",Qhr2024!,,,,,Social Media,,,,,admin@quantumhr.biz,,Active,,,https://www.instagram.com/
QHR Facebook,,,,,,,,,Social Media,,,,,,,Active,,,
QHR LinkedIn,,,"August 8, 2024",Cody - SA,7654704757.0,,,,Social Media,,,,,Luis - CA Managed from Partners Personal Accounts,,Active,,,https://www.linkedin.com/company/quantumhrbiz
QHR Looka Brand Kit,,,,,,,,,Marketing,,,,,192538880,,Active,,,
X.com,,,,Sw115002!,,,,,Social Media,,,,,admin@quatumhr.biz,,Active,,,
Gmail,,,,Sw115002!,,,,,Email,,,,,"quantumhr.biz@gmail.com
",,Active,,,
Zoho Projects,,,"August 8, 2024",,,,admin@quantumhr.biz,,Productivity,,,,,859476002,,Active,,,projects.zoho.com/portal/quantumhr
Domains,,,,,,,,,Online,,,,,,,Active,,,Squarespace
OpenAI ChatGPT,,,,Qhr2024empoweryou!,,,,,Artificial Intelligence,,,,,admin@quantumhr.biz,,Active,,,
srv1.cody@gmail.com,,srv1.cody@gmail.com,,,,,,,,,,,,,,Planned,,,
info@qially.me,,info@qially.me,,,,,,,,,,,,,,Planned,,,
customercare@email.scoresense.com,,,,,,,,,,,,,,,,Planned,https://mail.google.com/mail/u/srv1.cody@gmail.com/#inbox/FMfcgzQXJkbCDFdkPHfHSxCfvlSLhQbX,,
Google Marketing Platform,,,,,,,,,,,,,,,,Planned,https://marketingplatform.google.com/home?utm_campaign=SuiteHeader&utm_source=UniversalPicker&utm_medium=platformHomeButton&authuser=0,,
Domain Zoho opensrs,,,,,,,,,,,,,,,,Planned,https://mailadmin.zoho.com/cpanel/home.do#domains/srv1ne.com/registration,,
Google Voice Line,,crice4485@gmail.com,,,,No Changes,‪(765) 247-2426‬,inovaflow747@gmail.com,VOIP,$0.00,,,,inovaflow747@gmail.com,"September 1, 2026",Active,,,
Google,,,,,,,,,Business Suites,,,,,,,Active,,,
ZipRecruiter,,,,,,,,,HR,,,,,,,Active,,,
Google One Account,,crice4485@gmail.com,,,,No Changes,mailto:crice4485@gmail.com,crice4485@gmail.com,Suite,$0.00,,,,mailto:crice4485@gmail.com,"September 1, 2026",Active,,,
qhrgmail@gmail.com,,,,,,,,,Email,,,,,,,Active,,,
quantumhr@inovaflow.com,,,,,,,,,Email,,,,,,,Active,,,
inovaflow747@gmail.com,,,,,,,,,Email,,,,,,,Active,,,
LinkedIn,,,,,,,,,Social Media,,,,,,,Active,,,
FlexJobs,,,,,,,,,Freelance,,,,,,,Active,,,
LetterStreem,,,,,,,,,Postage,,,,,,,Active,,,
LetterStream,,,,,,,,INFO@QHRPEOPLE.COM,Postage,,,,,srvmailaccount,,Active,,,https://www.letterstream.com/
INFO@QHRPEOPLE.COM,,,,,,,,,Email,,,,,,,Planned,,,
squarespace domains,,,,,,,,,Online,,,,,,,Active,,,
info@iisitax.com,,,,,,,,,Email,,,,,,,Active,,,
CD Angela Lopez,,cdangelalopez@gmail.com,,,,,,,Email,,,,,,,Active,,,
qiallyme@gmail.com,,,,,,,,,Email,,,,,,,Active,,,
alonsomendezmunoz222324@gmail.com,,,,,,,,,Email,,,,,,,Deprecated,,,
Make Integromat,,crice4485@gmail.com,,,,No Changes,,,,,,,,,,Planned,https://us2.make.com/322600/team/dashboard,,
Asana,,,,,,,,,Productivity,,,,,,,Inactive,,,
Slack,,,,,,,,,Communication,,,,,,,Active,,,
QiAlly-Vector,,,,,,,,crice4485@gmail.com,Artificial Intelligence,,,,,org-k7Bez413uMi8uMK7ac3AIzyW,,Active,,,https://platform.openai.com/storage/vector_stores/vs_680c94259c8c819194078e5926e13094
QiAlly Ai Assistant,,,,,,,asst_HMehmFKtRwdlntCOL5sytLCc&models=gpt-4.1,crice4485@gmail.com,Artificial Intelligence,,,,,org-k7Bez413uMi8uMK7ac3AIzyW,,Active,,,https://platform.openai.com/playground/prompts?assistant=asst_HMehmFKtRwdlntCOL5sytLCc&models=gpt-4.1
QiAlly,,,,,,,,,Business,,,,,,,Active,,QiAlly LLC (https://www.notion.so/QiAlly-LLC-1f5f84a04402807a95bfcf74b9128f31?pvs=21),
OpenAi API Project,,,,,,,proj_KF3vqvVPqoH56f9QJB3Jj6CM,crice4485@gmail.com,Artificial Intelligence,,,,,org-k7Bez413uMi8uMK7ac3AIzyW,,Active,,,
Google Voice Phone,,,,,,,‪(317) 300-4226‬,crice4485@gmail.com,VOIP,,,,,crice4485@gmail.com,,Active,,,https://voice.google.com/u/0/calls
Python,,,,,,,,,Development,,,,,,,Active,,,
Notion API,,,,,,,,,Artificial Intelligence,,,,,,,Active,,,
Pillow/OpenCV,,,,,,,,,Development,,,,,,,Active,,,
Tesseract OCR,,,,,,,,,Development,,,,,,,Active,,,
ChatGPT OpenAI,API_KEY (https://www.notion.so/API_KEY-201f84a0440280ada925ddeffa304b3a?pvs=21),,,,,,,,Artificial Intelligence,$20.00,,,Untitled (https://www.notion.so/1eef84a04402802695fef5c65870bc77?pvs=21),,,Active,,,
Watchdog,,,,,,,,,Development,,,,,,,Active,,,
ZipFile,,,,,,,,,Productivity,,,,,,,Active,,,
LM Studio,,,,,,,,,Artificial Intelligence,,,,,,,Active,,,
Zoho RPA Agent,,,,,,,,,Automation,,,,,,,Active,,,
crice4485,,,,,,,,,,,,,,,,Planned,,,
cdangelalopez,,,,,,,,,,,,,,,,Planned,,,
srv1.cody,,,,,,,,,,,,,,,,Planned,,,
info,,,,,,,,,,,,,,,,Planned,,,
cody,,,,,,,,,,,,,,,,Planned,,,
codyrv2023,,,,,,,,,,,,,,,,Planned,,,
Zoho Mail,,,,,,,,,Email,,,,,,,Active,,,
Zoho Mail Zia,,,,,,,,,Email,,,,,,,Active,,,
ScoreSense,,,,,,,,,,,,,,,,Planned,,,
Google Authenticator,MFA_RECOVERY (https://www.notion.so/MFA_RECOVERY-231f84a0440280248952c51c9ece49ac?pvs=21),,,,,,,,,,,,,,,Planned,,,
Zoho Contracts,API_KEY_ZOHO (https://www.notion.so/API_KEY_ZOHO-231f84a04402806a8bc3cfdf82a58686?pvs=21),,,,,,,,,,,,,,,Planned,,,
Amazon Web Services,,,,,,,,,Infrastructure,,,,,,"September 21, 2025",Inactive,,AMAZON (https://www.notion.so/AMAZON-275f84a044028071aebcfa4a5c796d37?pvs=21),
Zoho Domains,,,,,,,,,,,,"Untitled (https://www.notion.so/29ff84a044028071af03cd898afe4432?pvs=21), Untitled (https://www.notion.so/29ff84a044028014851ed9abd1fc86d2?pvs=21), Untitled (https://www.notion.so/29ff84a0440280b0a059f0ac6f6f801c?pvs=21), Untitled (https://www.notion.so/29ff84a04402806ea3efdbd9234dff68?pvs=21)",,,,Planned,,,
